,종목,현재가,고가,저가,변동,변동%,거래량,시간,
,테슬라,185.26,186.38,181.46,2.34,1.28%,30.57M,0:54:13,
,애플,143.91,144.46,142.96,-0.32,-0.22%,19.74M,0:54:12,
,아마존닷컴,92.64,94.41,92.63,-1.31,-1.39%,19.29M,0:54:12,
,AMD,74.11,74.49,72.89,0.92,1.26%,18.65M,0:54:12,
,엔비디아,158.33,159.32,156.83,0.06,0.04%,10.18M,0:54:12,
,카니발,9.43,9.47,9.31,0.1,1.13%,9.69M,0:54:12,
,메타,109.47,110.94,109.14,0.69,0.63%,8.39M,0:54:12,
,루멘 테크놀로지스,5.43,5.55,5.4,-0.09,-1.54%,8.20M,0:54:11,
,포드,13.84,13.9,13.74,0.11,0.79%,7.35M,0:54:11,
,뱅크오브아메리카,37.02,37.15,36.88,0.15,0.42%,6.42M,0:54:13,
,아메리칸항공그룹,13.96,14.06,13.83,0.13,0.93%,5.85M,0:54:08,
,인텔,29.09,29.18,28.74,0.36,1.25%,5.70M,0:54:11,
,알파벳 A,95.48,96.12,94.96,-0.57,-0.59%,4.95M,0:54:12,
,AT&T,18.89,18.92,18.75,0.07,0.37%,4.76M,0:54:08,
,마이크로소프트,240.67,242.78,240.11,-1.09,-0.45%,4.72M,0:54:12,
,알파벳 C,95.73,96.38,95.26,-0.52,-0.54%,4.71M,0:54:11,
,옥시덴탈,69.69,69.9,68.62,1.46,2.14%,3.96M,0:54:13,
,엑슨모빌,111.09,111.78,110.22,1.28,1.17%,3.86M,0:54:11,
,웰스 파고,47.5,47.61,47.04,0.52,1.11%,3.75M,0:54:12,
,나이키,106.54,106.75,105.12,1.58,1.50%,3.72M,0:54:04,
,시스코 시스템즈,48.28,48.41,47.95,0.2,0.42%,3.69M,0:54:11,
,킨더 모건,18.88,18.95,18.53,0.41,2.25%,3.69M,0:54:05,
,화이자,49.41,49.67,49.21,-0.17,-0.33%,3.50M,0:54:14,
,월트 디즈니,95.31,96.43,95.28,-0.38,-0.40%,3.49M,0:54:12,
,페이팔 홀딩스,79.83,80.75,78.14,-0.1,-0.12%,3.46M,0:54:11,
,컴캐스트,35.47,35.68,35.34,-0.12,-0.35%,3.31M,0:54:08,
,버라이즌 커뮤니케이션,38.31,38.37,37.95,0.07,0.20%,3.30M,0:54:08,
,데본 에너지,67.29,68.15,67.07,0.76,1.14%,3.16M,0:54:10,
,트루이스트,45.85,45.88,45.25,0.53,1.17%,3.05M,0:54:09,
,마이크론 테크놀로지,56.32,56.52,55.34,0.57,1.02%,3.00M,0:54:10,
,CSX,31.95,32.13,31.51,0.34,1.09%,2.98M,0:54:11,
,피델리티 내셔널 인포메이션 서비스(FIS),68.23,68.68,65.55,2.71,4.13%,2.90M,0:54:08,
,워너 브라더스 디스커버리,11.07,11.12,10.91,0.15,1.36%,2.91M,0:54:12,
,씨티그룹,47.86,47.9,47.31,0.63,1.34%,2.59M,0:54:10,
,코카콜라,62.35,62.57,62.3,-0.35,-0.56%,2.55M,0:54:12,
,액티비전 블리자드,74.33,74.45,73.82,-0.39,-0.52%,2.46M,0:53:56,
,슐럼버거,50.92,51.11,49.93,1.04,2.10%,2.49M,0:54:13,
,프리포트 맥모란,37.27,37.66,36.94,1.07,2.97%,2.43M,0:54:10,
,제너럴 모터스,39.8,40.04,39.56,0.41,1.05%,2.37M,0:54:12,
,마라톤 오일,30.46,30.68,30.18,0.66,2.20%,2.36M,0:54:15,
,윈 리조트,80.3,82.41,79.73,2.1,2.69%,2.31M,0:54:16,
,머크앤드컴퍼니,108.3,108.81,107.55,-0.15,-0.14%,2.21M,0:54:12,
,할리버튼,37.08,37.24,36.33,1.2,3.34%,1.97M,0:54:12,
,라스베가스 샌즈,44.41,45.09,44.17,0.77,1.75%,1.89M,0:54:02,
,제너럴 일렉트릭,85.72,85.81,85.02,0.25,0.29%,1.87M,0:54:13,
,보잉,174.33,175.94,172.56,2.5,1.45%,1.85M,0:54:12,
,셰브론,181.3,181.85,179.9,2.94,1.65%,1.84M,0:54:11,
,휴렛패커드 엔터프라이즈,15.63,15.7,15.56,0.09,0.55%,1.84M,0:54:10,
,노르웨이안 크루즈 홀딩스,16.14,16.2,15.98,0.23,1.45%,1.84M,0:54:03,
,헌팅턴 뱅크셰어스,15.28,15.29,15.07,0.23,1.50%,1.75M,0:54:10,
,Catalent Inc,47.95,48.59,46.21,1.03,2.20%,1.74M,0:54:13,
,파라마운트 글로벌 B,19.59,19.82,19.28,0.35,1.82%,1.72M,0:54:14,
,타깃,165.25,165.47,161.51,-0.12,-0.08%,1.69M,0:54:07,
,VF 코퍼레이션,32.07,32.54,31.56,-0.34,-1.05%,1.76M,0:54:15,
,넷플릭스,280.12,282.88,277.89,-1.05,-0.37%,1.62M,0:54:13,
,아파치,46.76,47.02,45.93,1.8,4.00%,1.60M,0:54:14,
,메드트로닉,76.45,77.14,76.09,0.33,0.43%,1.60M,0:54:09,
,JP모건,135.74,136.01,134.41,1.39,1.03%,1.57M,0:54:12,
,언더아머 A,9.81,9.84,9.42,0.42,4.48%,1.59M,0:53:52,
,코테라 에너지,27.82,28.11,27.48,0.68,2.49%,1.55M,0:54:12,
,브리스톨 마이어스 스퀴브,78.74,79.09,78.32,-0.4,-0.51%,1.49M,0:54:07,
,알트리아 그룹,45.63,45.77,45.15,0.48,1.07%,1.46M,0:54:10,
,퀄컴,120.61,121.37,120,1.07,0.90%,1.44M,0:54:11,
,넥스테라,82.43,83.13,81.97,-1.3,-1.55%,1.42M,0:54:11,
,U.S 뱅코프,44.3,44.37,43.7,0.56,1.29%,1.40M,0:54:12,
,리얼티인컴,62.43,62.45,61.45,0.69,1.12%,1.38M,0:54:09,
,키코프,18.4,18.45,18.19,0.07,0.40%,1.34M,0:54:11,
,뉴웰브랜즈,13.01,13.07,12.82,0.12,0.93%,1.29M,0:54:12,
,엑셀론,39.98,40.03,39.74,-0.25,-0.62%,1.31M,0:54:01,
,애보트 래버러토리스,105.02,105.38,104.64,-0.37,-0.35%,1.27M,0:54:08,
,뉴몬트 골드코프 코퍼레이션,45.6,45.68,44.73,1.28,2.89%,1.26M,0:54:11,
,다우,50.57,50.75,49.88,1.07,2.16%,1.24M,0:54:08,
,비자(V),208.98,210.15,208.82,-2.28,-1.08%,1.24M,0:54:11,
,유나이티드파슬서비스,184.25,185.19,182.25,4.34,2.41%,1.22M,0:54:07,
,월마트,153.05,153.45,152.57,-0.46,-0.30%,1.22M,0:54:01,
,포티넷,51.51,52.3,51.34,-0.57,-1.09%,1.21M,0:54:12,
,세일즈포스,152.88,154,152.52,-0.81,-0.53%,1.22M,0:54:14,
,델타항공,34.1,34.24,33.91,0.23,0.68%,1.19M,0:54:10,
,코노코필립스,126.41,126.73,125.04,2.56,2.07%,1.18M,0:54:11,
,발레로 에너지,136.25,137.35,135.28,1.41,1.05%,1.16M,0:53:55,
,프록터 앤드 갬블,145.43,146.06,145.19,-1.17,-0.80%,1.17M,0:54:07,
,갭,14.46,14.53,14.33,0.11,0.77%,1.15M,0:54:05,
,존슨앤존슨,175.74,177.26,175.55,-1.59,-0.90%,1.17M,0:54:11,
,EOG 리소시스,139.81,140.63,138.24,3.16,2.31%,1.16M,0:54:11,
,MGM 리조트 인터내셔널,35.49,35.99,35.08,0.57,1.65%,1.14M,0:54:13,
,윌리엄스 컴퍼니스,34.27,34.48,33.72,0.79,2.34%,1.11M,0:54:12,
,모더나,175.63,179,171.53,0.26,0.15%,1.12M,0:54:07,
,크로거,49.01,49.73,48.73,0.18,0.37%,1.09M,0:54:13,
,스타벅스,98.77,99.33,98.45,0.1,0.11%,1.08M,0:54:11,
,홈디포,318.19,319.98,315.91,-0.73,-0.23%,1.05M,0:54:12,
,길리어드 사이언시스,85.24,85.67,84.7,0.03,0.04%,1.04M,0:54:07,
,Generac,103.28,104.32,97.15,1.22,1.20%,1.03M,0:54:12,
,에머슨 일렉트릭,94.3,94.64,93.29,0.07,0.08%,1.02M,0:54:15,
,유나이티드헬스그룹,526.63,532.97,526.4,-5.64,-1.06%,1.03M,0:54:07,
,휴렛팩커드,29.4,29.6,29.25,0.19,0.65%,988.55K,0:54:05,
,비아트리스,11.1,11.12,11.02,0.04,0.36%,976.67K,0:54:11,
,호스트 호텔 & 리조트,18.34,18.42,18.18,0.14,0.74%,972.19K,0:54:05,
,태피스트리,37.59,37.73,37.17,1.11,3.06%,966.93K,0:54:11,
,필립스 66,109.23,110.32,108.69,1.41,1.31%,922.07K,0:54:03,
,모건 스탠리,90.96,91.1,89.7,1.07,1.19%,921.19K,0:54:11,
,Amcor PLC,12.15,12.19,12,0.17,1.38%,948.85K,0:54:14,
,어플라이드 머티어리얼즈,104.26,104.92,103.39,0.79,0.76%,886.00K,0:54:03,
,이베이,44.14,44.66,43.91,-0.19,-0.43%,879.95K,0:54:11,
,크래프트 하인즈,38.91,39.02,38.68,0.04,0.12%,866.80K,0:54:15,
,니소스,27.22,27.27,26.89,0,0.00%,866.81K,0:54:12,
,인페이즈 에너지,310.26,315.47,304.13,-1.95,-0.62%,863.65K,0:53:53,
,도미니언 에너지,59.83,60.25,59.69,-0.79,-1.31%,833.92K,0:54:02,
,보스턴사이언티픽,44.3,44.36,43.86,0.52,1.18%,829.95K,0:54:08,
,베스트바이,83.31,83.56,82.05,1.22,1.49%,825.55K,0:54:01,
,찰스 슈왑,80.64,80.83,79.81,0.81,1.02%,803.68K,0:54:10,
,IBM,146.84,147.17,145.7,0.66,0.45%,797.45K,0:54:13,
,씨게이트,52.15,52.29,51.29,-0.16,-0.31%,762.86K,0:54:13,
,유나이티드 항공,43.21,43.41,42.98,0.19,0.44%,770.42K,0:54:09,
,월그린 부츠 얼라이언스,41.12,41.21,40.63,0.31,0.75%,761.64K,0:54:03,
,몬델리즈 인터내셔널,65.86,66.06,65.61,-0.28,-0.43%,757.94K,0:54:05,
,싱크로니 파이낸셜,37.26,37.44,36.29,0.84,2.31%,761.16K,0:53:38,
,덱스컴,112.45,113.71,112.22,-0.12,-0.11%,741.09K,0:53:29,
,캐리어,43.47,43.72,43.09,0.16,0.37%,741.47K,0:54:12,
,Gen Digital,22.83,23.16,22.73,-0.2,-0.85%,733.17K,0:54:11,
,엣시,120.82,121.8,119.28,1.34,1.12%,723.33K,0:54:12,
,에버지,58.27,58.38,57.15,-0.42,-0.72%,718.05K,0:54:09,
,웨이어하우저,31.71,31.74,31.05,0.51,1.62%,713.14K,0:54:07,
,TJX 컴퍼니,79.77,80.48,79.42,-0.27,-0.33%,731.52K,0:54:09,
,CVS헬스,100.47,100.7,100.11,0.06,0.06%,711.59K,0:54:11,
,버크셔 해서웨이 B,314.56,314.89,311.35,1.29,0.41%,711.18K,0:54:00,
,서던 컴퍼니,65.51,65.64,65.03,-0.33,-0.50%,695.73K,0:54:03,
,퍼블릭 서비스 엔터프라이즈,58.15,58.25,57.51,-0.2,-0.34%,690.05K,0:53:27,
,언더아머 C,8.57,8.59,8.26,0.33,4.00%,691.67K,0:54:10,
,에드워즈라이프사이언시스,75.4,76.61,75.39,-0.38,-0.50%,679.09K,0:54:09,
,박스터 인터내셔널,55.63,55.71,54.72,0.44,0.80%,675.85K,0:54:09,
,타이슨 푸드,66.25,66.57,65.07,0.72,1.10%,668.85K,0:54:07,
,캐터필러,233.7,235.73,231.55,1.4,0.60%,661.36K,0:54:02,
,시티즌 금융 그룹,41.76,41.81,41,0.64,1.54%,662.42K,0:54:13,
,달러트리,146.12,147.94,143.86,-1.68,-1.14%,649.15K,0:54:06,
,레이시온 테크놀로지스,97.47,97.91,96.61,0.56,0.58%,647.50K,0:54:11,
,센텐,84.5,84.76,83.81,-0.42,-0.50%,645.18K,0:53:38,
,펩시코,182.4,183.42,182.29,-1.49,-0.81%,641.63K,0:53:56,
,배스&바디웍스,40.07,40.42,39.54,0.01,0.03%,624.99K,0:54:06,
,마라톤 페트롤륨,124.19,124.59,122.16,2.27,1.86%,620.74K,0:53:30,
,일라이릴리,361.54,366.11,361.04,-4.23,-1.16%,616.49K,0:54:11,
,보나도,25.43,25.52,24.7,0.66,2.64%,610.61K,0:54:08,
,뉴스 코퍼레이션,18.45,18.5,18.1,0.26,1.44%,601.55K,0:54:08,
,시저스 엔터,49.22,49.62,48.63,0.52,1.07%,584.54K,0:53:56,
,주니퍼 네트웍스,31.95,32.23,31.94,0.04,0.13%,588.36K,0:53:54,
,IPG,34.19,34.22,33.89,0.29,0.87%,584.30K,0:54:12,
,메트라이프,75.88,76,75.3,0.14,0.19%,581.19K,0:54:04,
,피프스 서드 뱅코프,36.06,36.12,35.48,0.47,1.32%,579.46K,0:54:13,
,어도비 시스템즈,326.16,329.7,325.61,-2.81,-0.85%,591.36K,0:54:11,
,콜게이트-팜올리브,76.12,76.38,75.65,-0.26,-0.34%,568.24K,0:54:04,
,PPL 코퍼레이션,29.04,29.17,28.79,-0.06,-0.21%,565.51K,0:54:03,
,사우스웨스트 항공,38.91,39.12,38.63,0.34,0.87%,564.50K,0:54:09,
,티모바일,149.19,149.55,148.58,-0.71,-0.47%,558.77K,0:54:08,
,리전스 파이낸셜,22.75,22.77,22.48,0.21,0.95%,550.49K,0:54:12,
,존슨콘트롤즈,65.84,65.96,65.29,0.01,0.01%,550.35K,0:54:06,
,애브비,158.72,159.43,158.03,0.29,0.19%,548.81K,0:54:10,
,AIG,61.56,61.67,60.64,0.82,1.36%,543.50K,0:54:10,
,유니온 퍼시픽,210.85,211.93,208.16,2.33,1.12%,537.47K,0:54:07,
,뱅크오브뉴욕 멜론,44.87,45.01,44.53,0.07,0.16%,553.12K,0:54:10,
,파이어니어 내추럴 리소시스,242.58,243.79,241.05,3.08,1.28%,531.77K,0:53:45,
,모자이크,50.79,51.39,50.44,0.53,1.05%,536.72K,0:54:11,
,얌브랜드,125.97,126.8,125.66,-0.48,-0.38%,521.43K,0:54:13,
,Live Nation,69.91,71.11,69.06,1.22,1.78%,520.03K,0:53:38,
,웰타워,68.1,68.23,66.82,1.46,2.19%,531.21K,0:54:06,
,로스 스토어스,115.67,116.9,115.31,-0.69,-0.60%,517.19K,0:54:00,
,킴코 리얼티,22.47,22.49,22.04,0.4,1.81%,513.07K,0:54:14,
,파이서브,102.61,102.75,101.75,0.85,0.84%,517.87K,0:54:08,
,패스널,50.43,51.09,50.41,-0.76,-1.48%,508.63K,0:54:12,
,오라클,81.11,81.5,81,-0.28,-0.34%,507.50K,0:54:13,
,로우스,207.9,208.65,206.68,-1.14,-0.55%,502.01K,0:54:12,
,디어,438.95,444.3,436.56,-2.26,-0.51%,502.96K,0:54:06,
,켐벨 수프,52.59,53.17,52.57,-0.34,-0.63%,496.56K,0:54:08,
,헬스피크 프로퍼티,25.36,25.36,24.74,0.54,2.18%,490.08K,0:53:54,
,CF 인더스트리,106.96,108.13,104.93,2.56,2.45%,489.61K,0:54:10,
,글로벌 페이먼트,100.04,100.6,99.32,0.27,0.27%,496.97K,0:54:08,
,AES,28.16,28.2,27.92,0.12,0.44%,483.49K,0:52:27,
,다이아몬드백 에너지,147.34,148.26,145.99,3.61,2.51%,481.65K,0:53:34,
,다나허,259.18,261.67,259,-1.98,-0.76%,464.86K,0:53:39,
,퍼스트에너지,39.56,39.65,39.19,-0.07,-0.16%,462.79K,0:54:10,
,콘아그라 브랜즈,36.94,37.1,36.83,-0.1,-0.27%,462.53K,0:54:09,
,인터내셔널 페이퍼,36.31,36.38,35.63,0.53,1.48%,458.31K,0:54:11,
,인베스코,18.91,18.98,18.65,0.21,1.15%,457.48K,0:54:07,
,제너럴 밀스,82.56,83.4,82.56,-0.37,-0.45%,459.15K,0:54:15,
,코닝,33.24,33.31,33.16,0.13,0.40%,454.08K,0:54:03,
,텍사스인스트루먼트,173.28,174.29,172.59,0.28,0.16%,451.72K,0:54:05,
,리온델바셀 인더스트리즈,85.19,85.43,84.29,1.44,1.72%,451.61K,0:54:10,
,사이먼 프로퍼티,117.34,117.46,115.53,1.58,1.36%,449.10K,0:54:13,
,로얄 캐리비안,58.62,58.92,58.39,0.52,0.90%,448.50K,0:54:04,
,카맥스,68.31,68.79,65.98,2.75,4.19%,448.72K,0:53:47,
,센터포인트 에너지,30.52,30.68,30.47,-0.34,-1.09%,447.23K,0:54:10,
,코스트코 홀세일,531.75,533.64,528.62,0.82,0.16%,441.96K,0:53:47,
,듀크 에너지,97.93,98.23,97.26,-0.68,-0.69%,442.23K,0:54:02,
,얼라이언트 에너지,55.12,55.55,54.8,-0.66,-1.18%,435.19K,0:54:00,
,IFF,102.44,102.85,100.97,2.46,2.46%,432.97K,0:52:48,
,아메리칸 일렉트릭 파워,94.68,94.88,94.01,-0.54,-0.56%,434.72K,0:54:10,
,맥도날드,270.15,271.73,270.12,-2.73,-1.00%,432.62K,0:54:10,
,골드만삭스,383.88,384.87,379.26,1.52,0.40%,432.54K,0:54:09,
,아메리칸 익스프레스,153.12,153.27,150.53,2.25,1.49%,432.74K,0:54:11,
,린드,333.48,335.5,332.36,-4.22,-1.25%,425.91K,0:53:37,
,아플락,71.21,71.28,70.66,0.22,0.31%,423.15K,0:53:28,
,ADM,97.1,97.81,96.57,0.85,0.88%,427.21K,0:54:10,
,잉가솔랜드,53.04,53.76,53.04,-0.12,-0.23%,419.78K,0:54:10,
,아나로그디바이스,164.46,165,163.03,0.45,0.27%,415.84K,0:54:05,
,마이크로칩 테크,74.42,74.94,74.21,0.07,0.10%,416.34K,0:54:11,
,헤스,141.75,142.99,140.91,2.23,1.60%,409.79K,0:54:14,
,듀폰,69.73,69.86,69.03,0.71,1.04%,411.05K,0:54:13,
,DR호튼,84.04,84.12,82.72,0.73,0.88%,405.74K,0:53:38,
,프로그레시브,130.48,130.49,127.6,0.46,0.35%,402.15K,0:54:01,
,매치 그룹,47.94,48.28,46.96,0.47,1.00%,401.76K,0:53:50,
,하니웰,216.98,217.42,215.32,1.21,0.56%,401.30K,0:54:01,
,오티스 월드와이드,77.36,77.62,76.14,1.01,1.33%,396.72K,0:54:16,
,캐피탈 원,101.38,101.66,99.28,1.79,1.80%,390.66K,0:54:15,
,원오크,64.77,65.12,64.15,1.05,1.65%,387.71K,0:54:09,
,달러 제너럴,252.64,254.22,248.5,-0.46,-0.18%,385.93K,0:54:09,
,엑셀 에너지,68.89,69.23,68.25,-0.5,-0.72%,376.48K,0:54:00,
,익스피다이터스,112.72,114.03,112.38,1.09,0.98%,371.98K,0:53:48,
,알버말,272.54,273.67,266.39,6.43,2.42%,370.69K,0:53:57,
,익스피디아,102.14,102.56,99.77,2.49,2.50%,364.97K,0:53:53,
,호멜,48.23,49.03,48.22,-0.88,-1.79%,368.80K,0:54:05,
,폭스 코퍼레이션,31.39,31.45,31.03,0.4,1.27%,366.75K,0:54:07,
,3M,126.06,126.12,124.01,1.42,1.14%,363.31K,0:53:23,
,필립 모리스,97.47,97.9,97.37,-0.16,-0.16%,371.98K,0:54:08,
,21세기 폭스,18.78,18.81,18.43,0.32,1.73%,353.14K,0:53:13,
,조에티스,147.59,149.35,147.4,-0.54,-0.36%,353.78K,0:54:04,
,웨스턴 디지털,36.45,36.54,36.09,0.34,0.94%,353.25K,0:54:09,
,코그니전트 테크놀로지 솔루션 A,60.24,60.52,59.92,0.14,0.23%,356.69K,0:54:04,
,하트포드,75.54,75.81,74.89,0.48,0.64%,352.26K,0:54:06,
,에디슨 인터내셔널,63.58,63.6,62.58,0.19,0.30%,350.62K,0:54:09,
,프랭클린 리소시스,26.38,26.42,25.96,0.35,1.36%,346.22K,0:53:49,
,컨스텔레이션 브랜드,250.61,256.39,250.61,-6.89,-2.68%,348.51K,0:54:13,
,페덱스,177.16,177.21,174.32,3.95,2.28%,346.27K,0:54:10,
,앱티브,102.31,102.95,101.89,0.29,0.28%,335.97K,0:53:52,
,펜 엔터테인먼트,33.88,34.12,33.56,0.21,0.62%,337.73K,0:53:56,
,넷앱,73.01,73.33,72.6,0.44,0.61%,333.45K,0:54:12,
,힐튼 월드와이드,138.29,138.94,137.17,1.29,0.94%,335.00K,0:54:10,
,카디널 헬스,79.14,79.26,78.1,0.68,0.87%,331.89K,0:54:13,
,켈로그,72.23,72.78,72.23,-0.49,-0.67%,331.49K,0:54:09,
,암젠,281.18,283.38,280.76,-1.44,-0.51%,329.53K,0:54:10,
,UDR,40.57,40.57,39.72,0.65,1.63%,325.90K,0:54:00,
,랄프로렌 A,111.73,112.38,108.9,3.79,3.51%,324.42K,0:54:01,
,프로로지스,113.13,113.25,111.26,1.67,1.50%,320.49K,0:53:55,
,몬스터 베버리지,100.72,101.69,100.72,-1.16,-1.14%,319.05K,0:54:03,
,NRG 에너지,41.63,41.64,40.81,0.2,0.48%,321.66K,0:54:02,
,처치앤드와이트,79.85,80.35,78.85,0.36,0.45%,318.59K,0:53:24,
,벤타스,44.95,45.13,44.3,0.78,1.75%,319.97K,0:54:08,
,스탠리 블랙 앤 데커,80.9,80.95,79.59,1.05,1.31%,313.51K,0:54:10,
,크라운 캐슬,138.69,138.99,137.21,1.18,0.85%,309.11K,0:54:07,
,오가논 & Co,24.59,24.71,24.41,-0.07,-0.28%,308.40K,0:54:04,
,인튜이트,381.96,385.27,381.15,-3.68,-0.95%,307.33K,0:54:09,
,맥코믹,82.64,83.64,82.03,-1.11,-1.33%,306.98K,0:53:59,
,마스터카드,343.62,344.4,342.02,-0.97,-0.28%,305.67K,0:54:09,
,볼 코퍼레이션,55.48,55.88,54.73,0.29,0.53%,304.24K,0:53:42,
,디시 네트워크,15.79,15.82,15.45,0.2,1.32%,304.26K,0:54:02,
,웨이스트 매니지먼트,164.75,165.16,163.7,0.16,0.10%,298.31K,0:54:13,
,TE 커넥티비티,124.81,125.41,124.62,0.2,0.16%,296.79K,0:54:05,
,웨스트록,36.52,36.62,36.22,0.3,0.83%,296.54K,0:54:10,
,에스티 로더,217.34,218.49,216.37,0.7,0.32%,293.16K,0:52:49,
,티 로우 프라이스,122.18,122.45,120.34,1.05,0.87%,297.33K,0:54:11,
,버텍스 파마슈티컬,315.12,316.28,312.47,-0.18,-0.06%,292.00K,0:54:14,
,하우멧 에어로스페이스,37.21,37.35,36.99,0.18,0.49%,292.17K,0:53:38,
,시그나,320.01,321.14,318.63,0.51,0.16%,287.74K,0:53:00,
,써모 피셔 사이언티픽,534.1,539.03,533.53,-5.93,-1.10%,291.12K,0:53:26,
,보스턴프로퍼티즈,71.36,71.65,69.6,1.77,2.54%,277.16K,0:53:54,
,셀라니즈,105.19,105.22,101.52,4.42,4.39%,274.77K,0:53:25,
,메리어트인터내셔널,160.83,161.41,159,1.94,1.22%,274.65K,0:54:11,
,시스코,85.86,86.36,85.75,-0.07,-0.09%,272.08K,0:53:59,
,마쉬 앤 맥레넌,169.19,170.1,167.61,0.81,0.48%,268.79K,0:54:00,
,덴츠플라이,30.66,30.79,30.16,0.2,0.64%,266.30K,0:54:04,
,펄티 그룹,44.18,44.21,43.4,0.36,0.82%,261.31K,0:53:35,
,마스코,49.54,49.71,49.17,-0.24,-0.48%,261.29K,0:54:11,
,NXP세미컨덕터즈,165.6,166.26,163.19,1.5,0.92%,262.17K,0:53:55,
,클로락스,146.91,148.95,146.85,-2.12,-1.42%,261.55K,0:54:07,
,파카,104.24,104.79,103.57,0.63,0.61%,259.40K,0:53:39,
,에쿼티 레지덴셜,63.1,63.11,61.91,0.91,1.46%,259.41K,0:54:03,
,오토데스크,192.83,196.53,192.83,-2.52,-1.29%,260.58K,0:54:12,
,뉴코,149.12,150.89,148.05,1.59,1.08%,253.72K,0:53:59,
,PPG 인더스트리즈,132,132.49,130.7,1.7,1.30%,249.81K,0:54:09,
,아리스타 네트웍스,133.22,134.11,132.56,-0.47,-0.36%,250.08K,0:54:07,
,자이언스 뱅코프,50.84,50.95,50.13,0.6,1.20%,246.27K,0:54:00,
,테이크투인터랙티브 소프트웨어,101.17,101.97,100.1,-0.09,-0.09%,246.16K,0:54:08,
,ICE,105.95,106.3,104.79,0.87,0.83%,247.33K,0:53:53,
,디스커버 파이낸셜 서비스,108.33,108.74,106.7,1.48,1.39%,243.94K,0:54:07,
,에버소스 에너지,81.04,81.7,80.53,-0.68,-0.83%,245.69K,0:53:38,
,해즈브로,62.68,63.11,61.81,0.91,1.47%,242.04K,0:53:51,
,보그워너,42.16,42.28,41.68,0.63,1.52%,241.67K,0:54:02,
,S&P Global,350.38,351.73,348.11,-0.63,-0.18%,239.42K,0:54:07,
,처브,216.91,217.14,214.74,1.51,0.70%,240.95K,0:54:00,
,암페놀,77.91,78.25,77.78,0.09,0.12%,238.37K,0:54:04,
,CMS,60.35,60.49,59.64,-0.45,-0.74%,235.02K,0:53:27,
,울타 뷰티,449.61,457.31,449.61,-7.63,-1.67%,236.13K,0:53:31,
,코르테바,65.58,65.74,65.01,0.65,1.00%,234.45K,0:54:01,
,바이오젠,291.3,293.83,288.44,-0.6,-0.21%,230.73K,0:53:53,
,Principal Financial,90.18,90.39,89.23,0.64,0.71%,229.69K,0:52:45,
,아메리칸 타워,215.38,215.83,213.32,1.48,0.69%,233.26K,0:54:00,
,킴벌리클라크,132.72,133.2,132.26,-0.58,-0.44%,228.83K,0:53:05,
,엔터지,112.69,112.92,111.81,-0.56,-0.49%,230.30K,0:54:02,
,다든 레스토랑,145.12,146.21,144.55,-1.7,-1.16%,229.76K,0:54:02,
,디지털리얼,108.93,108.99,107.31,1.45,1.35%,230.40K,0:54:09,
,일렉트로닉 아츠,128.03,128.72,127.46,-0.13,-0.10%,228.39K,0:54:10,
,휴매너,532.64,535.05,530.02,-1.65,-0.31%,226.60K,0:54:13,
,나스닥,66.43,66.72,65.93,0.16,0.24%,224.07K,0:54:04,
,램웨스턴,85.21,86.4,85.21,-0.26,-0.30%,224.22K,0:54:08,
,스테이트 스트리트,73.75,73.88,72.85,0.23,0.32%,223.73K,0:54:03,
,브로드컴,523.43,525.85,522.08,1.22,0.23%,222.51K,0:54:13,
,알래스카 항공,46.22,46.41,45.87,0.44,0.96%,221.83K,0:52:25,
,CME그룹,173.78,174.1,172.77,0.65,0.38%,216.55K,0:54:13,
,올스테이트,132.38,132.69,130.03,0.51,0.39%,213.53K,0:54:15,
,아비오메드,377.5,377.83,377.37,0.27,0.07%,210.98K,0:52:55,
,이튼,162.17,162.98,161.65,-0.38,-0.23%,214.15K,0:54:03,
,트레인 테크놀로지,174.85,175.69,174.4,0.46,0.26%,213.69K,0:54:14,
,M&T 뱅크,171.17,171.29,169.45,1.65,0.97%,208.55K,0:54:03,
,파카 하니핀,295.81,299,294.48,0.74,0.25%,208.23K,0:53:29,
,인튜이티브 서지컬,261.09,262.99,261.09,-1.55,-0.59%,202.21K,0:54:11,
,일리노이 툴 웍스,223.12,224.91,222.98,-1.04,-0.46%,201.48K,0:52:48,
,아메텍,139.43,139.9,138.84,0.07,0.05%,195.89K,0:53:23,
,레나,86.26,86.26,84.67,0.91,1.07%,194.70K,0:54:15,
,어드밴스 오토파츠,148.91,150.67,148.36,-1.71,-1.13%,194.17K,0:54:09,
,헨리 샤인,80.95,80.99,80,0.67,0.83%,191.60K,0:54:00,
,아이큐비아 홀딩스,214.5,215.69,213.19,0.06,0.03%,191.34K,0:53:41,
,에코랩,145.77,146.09,144.34,0.29,0.20%,188.56K,0:53:09,
,셔윈 윌리엄스,244.32,246.82,242.58,-1.24,-0.51%,195.40K,0:54:06,
,링컨 내셔널,38.12,38.31,37.46,0.56,1.49%,188.18K,0:54:01,
,도버,139.79,140.22,138.48,0.96,0.70%,190.19K,0:54:13,
,맥케슨,381.67,382.53,378.42,1.33,0.35%,186.76K,0:52:54,
,케이든스디자인시스템,163.69,165.36,163.51,-1.25,-0.76%,188.15K,0:54:13,
,롤린스,39.5,39.94,39.5,-0.28,-0.70%,190.85K,0:54:11,
,스카이웍스 솔루션즈,91.68,92.08,91.31,0.44,0.48%,185.93K,0:54:08,
,프루덴셜,106.64,106.76,105.2,1.09,1.03%,184.60K,0:54:05,
,액센츄어,290.2,290.61,289.12,-0.4,-0.14%,182.92K,0:53:05,
,엑스트라 스페이스 스토리지,153.41,153.87,152.53,0.86,0.56%,185.06K,0:54:06,
,Charles River Laboratories Intl,241.4,241.63,237.05,4.29,1.81%,197.84K,0:54:06,
,PVH - 필립스 반 호이젠,64.39,64.62,62.77,2.04,3.27%,182.13K,0:54:01,
,레이먼드 제임스,115.92,116.43,115.55,0.07,0.06%,181.87K,0:53:39,
,포티브 코퍼레이션,65.65,65.83,65.19,0.07,0.11%,180.96K,0:54:02,
,애머렌,87.56,87.65,87.03,-0.38,-0.43%,176.98K,0:53:38,
,짐머 바이오메트,118.7,118.85,117.09,1.03,0.88%,176.50K,0:53:24,
,코메리카,70.79,70.96,70.03,0.66,0.94%,178.98K,0:54:10,
,일루미나,213.16,217.51,213.15,-3.75,-1.73%,177.72K,0:54:11,
,노퍽 서던,251.52,252.86,249.38,2.97,1.19%,174.32K,0:52:30,
,퍼블릭 스토리지,290.02,290.31,288.04,1.47,0.51%,171.80K,0:52:48,
,애질런트 테크놀로지스,151.98,152.9,151.37,-0.32,-0.21%,170.82K,0:54:08,
,베리스크 어낼리틱스,177.19,177.91,174.93,-0.35,-0.20%,168.74K,0:52:45,
,벡톤 디킨슨,238.35,238.81,235.57,1.01,0.43%,170.86K,0:54:03,
,램리서치,447.76,450.3,445.45,4.53,1.02%,167.56K,0:53:00,
,솔라엣지,295.85,298,287.7,0.4,0.13%,165.89K,0:53:49,
,리퍼블릭 서비스,136.47,136.88,135.41,-0.05,-0.04%,164.72K,0:53:46,
,Signature Bank,136.79,137.65,134.34,2.52,1.88%,165.28K,0:54:14,
,옴니콤,78.92,79.17,78.12,0.77,0.99%,165.27K,0:54:11,
,오토매틱 데이터 프로세싱,257.74,258.71,257.15,-0.59,-0.23%,165.50K,0:54:09,
,스트라이커,227.75,228.91,226.53,0.47,0.21%,161.56K,0:53:51,
,C.H.로빈슨,97.35,98.69,97.3,-0.32,-0.33%,160.59K,0:54:00,
,아메리소스버진,167.85,168.15,166.47,0.69,0.41%,157.80K,0:52:50,
,콘 에디슨,95.88,96.19,95.42,-0.66,-0.68%,157.91K,0:54:00,
,DXC 테크놀로지,29.45,29.59,28.99,0.5,1.73%,156.96K,0:53:38,
,트랙터 서플라이,220.35,221.78,218.53,-1.53,-0.69%,156.93K,0:53:55,
,앤시스,240.85,241.33,240.04,-0.9,-0.37%,152.94K,0:53:56,
,패키징,132.84,132.94,129.96,2.75,2.11%,154.09K,0:53:22,
,PNC 파이낸셜,164.65,164.87,162.26,2.04,1.25%,151.35K,0:53:52,
,Air Products,303.69,306.18,303.1,-0.76,-0.25%,150.83K,0:53:00,
,트래블러스,187.13,187.73,185.28,0.81,0.43%,150.50K,0:53:55,
,CBRE A,75.94,76.18,74.71,0.85,1.14%,149.09K,0:54:03,
,KLA Corp,375.55,377.01,374.06,0.62,0.17%,147.74K,0:53:06,
,SVB 파이낸셜,221.76,223.26,217.56,4.24,1.95%,146.89K,0:54:12,
,폭스 B,29.56,29.61,29.03,0.31,1.06%,144.03K,0:54:08,
,페이첵스,119.92,121.03,119.69,-0.56,-0.46%,142.70K,0:53:39,
,HCA Holdings Inc,236.68,237.38,232.87,2.33,0.99%,142.67K,0:53:50,
,리제네론 파마슈티컬스,731.96,739.9,727.54,-9.52,-1.28%,143.46K,0:54:07,
,코파츠,64.64,64.98,64.39,-0.41,-0.64%,142.11K,0:53:38,
,포춘 브랜즈 홈 & 시큐리티,65.48,65.59,64.43,0.59,0.91%,140.99K,0:53:23,
,코르보,95.62,95.94,93.88,1.41,1.50%,139.73K,0:53:57,
,이스트만케미컬,85.69,86.19,84.63,1.22,1.44%,140.37K,0:54:02,
,키사이트 테크놀로지,174.5,174.97,173.06,0.92,0.53%,136.96K,0:53:18,
,펜테어,44.96,45.05,44.22,0.43,0.97%,136.12K,0:52:04,
,허쉬,229.5,232.59,229.5,-3.13,-1.35%,141.45K,0:54:03,
,서비스나우,400.77,402.17,399.33,-1.16,-0.29%,135.67K,0:53:00,
,Epam Systems,352.67,354.53,348.89,2.5,0.72%,140.27K,0:54:10,
,록히드 마틴,483.7,485.1,481.74,0.49,0.10%,136.45K,0:54:11,
,DTE 에너지,114.77,115.29,113.89,-0.53,-0.46%,133.97K,0:53:46,
,WEC 에너지그룹,97.04,97.2,96.19,-0.5,-0.51%,131.31K,0:54:10,
,차터커뮤니케이션,386.16,387.03,382.93,1.69,0.44%,130.94K,0:52:48,
,A.O 스미스,59.57,59.99,59.45,-0.19,-0.32%,130.52K,0:54:10,
,몰슨 쿠어스 양조,55.25,55.36,54.74,0.32,0.58%,127.98K,0:52:44,
,퍼스트리퍼블릭뱅크,121.65,121.87,120.34,1.09,0.90%,127.54K,0:51:55,
,아서 J 갤러거,197.04,197.59,195.95,0.61,0.31%,128.24K,0:54:02,
,Atmos Energy Corp,118.1,118.48,117.05,0.03,0.03%,122.27K,0:52:48,
,오릴리 오토모티브,846.26,854.5,844.86,-6.29,-0.74%,122.48K,0:54:01,
,아이언마운틴,53.75,53.9,53.03,0.48,0.90%,123.56K,0:53:22,
,아카마이,91.22,91.75,91.12,-0.33,-0.36%,121.87K,0:54:05,
,Elevance Health,514.12,515.09,511.19,1.34,0.26%,120.28K,0:52:01,
,홀로직,74.16,74.32,73.07,0.31,0.42%,120.99K,0:54:08,
,커민스,247.06,249.3,245.33,1.42,0.58%,119.09K,0:53:03,
,퀘스트 다이아그노스틱스,149.34,149.57,148.31,0.27,0.18%,119.88K,0:53:48,
,SBA커뮤니케이션,293.38,298.87,291.14,0.12,0.04%,119.01K,0:54:04,
,제너럴 다이내믹스,251.1,251.75,250.11,0.61,0.24%,113.59K,0:53:55,
,브로드리지,144.11,146.5,143.98,-2.39,-1.63%,114.10K,0:53:27,
,블랙록,721.14,724.77,720.15,-0.03,0.00%,112.73K,0:54:11,
,Brown & Brown Inc,57.94,58.12,57.4,0.05,0.09%,112.06K,0:54:03,
,LKQ,53.43,53.86,53.35,-0.35,-0.65%,107.84K,0:51:44,
,Pinnacle West,75.92,76.52,75.83,-0.67,-0.87%,108.70K,0:54:01,
,Trimble,56.64,57.41,56.57,-0.82,-1.43%,106.13K,0:53:00,
,가민,90.22,90.38,89,0.55,0.61%,106.20K,0:54:11,
,에이온,305.64,306.91,304.3,0.37,0.12%,105.34K,0:52:00,
,JM 스머커,150.65,151.69,150.4,-0.92,-0.61%,105.83K,0:53:37,
,올드 도미니언 프레이트 라인,289.55,291.1,287.26,1.23,0.42%,104.17K,0:53:49,
,실드 에어,52.23,52.38,51.32,0.67,1.29%,103.85K,0:53:44,
,로우스,57.27,57.28,56.51,0.51,0.89%,102.77K,0:54:06,
,헌팅턴 잉걸스,230.03,231.65,227.6,1.12,0.49%,104.84K,0:53:55,
,자일럼,110.31,110.49,109.2,0.7,0.64%,101.58K,0:52:57,
,벌칸 머티리얼,179.49,180.37,178.76,-0.2,-0.11%,106.37K,0:53:50,
,에섹스 프로퍼티 트러스트,213.06,213.06,209.17,2.6,1.24%,101.92K,0:54:11,
,제뉴인 파츠,181.3,183.68,181.29,-1.93,-1.05%,106.66K,0:54:04,
,Wr Berkley Corp,75.06,75.15,74.45,0.27,0.35%,99.36K,0:54:13,
,세리디안 HCM 홀딩,65.19,65.57,64.46,0.28,0.43%,99.09K,0:53:23,
,아발론베이,170.45,170.48,167.59,2.38,1.42%,95.76K,0:52:52,
,에퀴닉스,669.85,671.19,655.93,7.24,1.09%,95.72K,0:53:42,
,월풀,145,145.21,142.7,1.18,0.82%,93.60K,0:51:37,
,J.B 헌트트랜스포트서비스,177.03,178.18,176.48,0.83,0.47%,93.41K,0:52:07,
,래버러토리 코퍼레이션,240.72,240.72,237.02,2.36,0.99%,93.79K,0:53:51,
,얼라인테크놀로지,191.94,192.49,187.36,2.16,1.14%,93.15K,0:51:53,
,텍스트론,70.32,70.59,69.86,0.68,0.98%,90.41K,0:53:06,
,로버트 하프,76.58,76.79,75.67,0.55,0.72%,91.82K,0:53:39,
,아메리칸워터웍스,148.22,148.88,147.7,-1.53,-1.02%,87.18K,0:53:58,
,셈프라 에너지,162,162.45,161.46,-1.08,-0.66%,86.63K,0:53:28,
,유나이티드렌탈,346.83,348.8,345.55,-0.76,-0.22%,86.24K,0:54:06,
,FMC 코퍼레이션,128.06,128.22,126.53,1.02,0.80%,83.92K,0:53:55,
,잭 헨리 앤 어소시에이츠,187.58,189.64,187.4,-1.22,-0.65%,84.58K,0:53:38,
,Moody’s,291.06,292.87,289.01,-0.83,-0.29%,82.77K,0:51:59,
,인사이트 코퍼레이션,77.61,77.95,77.33,-0.22,-0.29%,82.74K,0:52:58,
,퍼킨엘머,133.81,134.52,133.02,0.13,0.10%,82.62K,0:52:49,
,윌리스,241.48,242.09,237.19,1.91,0.80%,81.81K,0:53:06,
,제이콥스 엔지니어링,121.96,122.51,121,0.19,0.16%,81.62K,0:53:47,
,아이덱스 래버러토리스,402.7,403.62,396.76,2.6,0.65%,80.20K,0:53:04,
,Cboe Global,123.4,124.8,123.27,-0.77,-0.62%,80.06K,0:53:58,
,브라운포맨,71.73,72.02,71.58,-0.2,-0.27%,81.19K,0:54:10,
,로퍼 테크놀로지,422.28,424.58,421.27,-1.75,-0.41%,77.94K,0:52:48,
,에이버리 데니슨,188.47,189.62,187.82,0.74,0.39%,78.62K,0:54:15,
,테라다인,90.38,90.86,89.84,0.16,0.18%,77.33K,0:53:23,
,콴타 서비시즈,144.16,145.17,143.12,0.6,0.42%,77.07K,0:54:02,
,미드아메리카 아파트,160.91,160.9,157.93,2.78,1.75%,75.53K,0:52:29,
,웨스팅하우스 에어브레이크 테크놀로지,99.26,99.48,98.68,0.47,0.48%,75.00K,0:54:10,
,알렉산드리아 리얼 에스테이트 에퀴티스,151.76,151.84,148.24,2.75,1.85%,72.50K,0:54:05,
,에퀴팩스,190.04,190.81,189.01,-0.75,-0.39%,71.52K,0:53:00,
,L3해리스 테크놀로지스,227.1,227.62,225.15,1.24,0.55%,71.49K,0:51:49,
,신타스,451.71,453.28,450.63,-2.63,-0.58%,68.12K,0:50:07,
,부킹홀딩스,"2,020.44","2,027.56","1,985.21",35.54,1.79%,67.89K,0:53:08,
,노던 트러스트,91.48,91.62,90.89,0.28,0.31%,68.29K,0:54:12,
,도미노피자,382.27,383.51,378.46,-0.02,-0.01%,67.62K,0:53:39,
,글로브 라이프,116.75,117,116.04,0.62,0.53%,65.17K,0:52:23,
,Zebra Tech,271.5,273,268.61,2.5,0.93%,66.28K,0:53:35,
,로크웰 오토메이션,261.43,261.86,258.83,0.72,0.27%,64.98K,0:52:26,
,시놉시스,325.77,330.65,325.77,-3.35,-1.02%,65.11K,0:54:06,
,아메리프라이즈 파이낸셜,327.04,327.6,323.81,1.29,0.40%,64.12K,0:51:45,
,유니버셜 헬스 서비스,130.35,130.59,128.26,1.23,0.95%,62.77K,0:53:42,
,노스롭 그루먼,527.05,527.52,523.2,2.17,0.41%,59.32K,0:53:28,
,플리코 테크놀로지스,190.9,190.92,187.45,3.59,1.91%,58.83K,0:50:41,
,West,224.56,225.68,222.87,0.38,0.17%,58.67K,0:48:39,
,워터스 코퍼레이션,330.39,333.52,329.63,-1.21,-0.36%,59.44K,0:53:25,
,페더럴 리얼티 인베,109.58,109.62,107.69,1.91,1.77%,58.83K,0:53:59,
,모토롤라,264.83,266.36,264.67,-1.15,-0.43%,57.01K,0:54:03,
,어슈어런트,126.84,127.42,124.83,1.62,1.30%,57.74K,0:54:11,
,Leidos,108.74,108.84,107.23,0.63,0.58%,56.25K,0:52:58,
,Parametric Tech,123,123.62,122.13,0.42,0.34%,55.90K,0:52:14,
,MSCI Inc,491.5,499.18,490.58,-4.46,-0.90%,54.50K,0:51:21,
,ResMed Inc,226.09,226.5,223.53,0.55,0.24%,54.37K,0:51:57,
,리젠시 센터,65.33,65.44,64.39,0.97,1.51%,53.12K,0:52:35,
,모호크 인더스트리스,100.89,101.04,99.14,1.21,1.21%,50.30K,0:51:20,
,쿠퍼 컴퍼니스,311.27,311.39,307.26,2.94,0.95%,50.23K,0:52:00,
,베리사인,195.79,197.35,195.5,-1.96,-0.99%,50.21K,0:53:04,
,텔레플렉스,226.45,227.57,223.29,1.96,0.87%,49.92K,0:53:21,
,CDW Corp,184.75,185.84,184.75,-0.55,-0.30%,46.73K,0:53:31,
,STERIS,179.66,179.88,177.89,1.42,0.80%,46.00K,0:52:37,
,다비타,73.08,73.11,72.21,1,1.39%,45.55K,0:50:41,
,IDEX,232.61,233.29,231.63,0.78,0.34%,45.38K,0:52:38,
,모놀리틱 파워,359.27,359.68,354.01,3.79,1.06%,45.24K,0:51:55,
,Paycom Soft,327.8,328.44,322.43,2.57,0.79%,44.81K,0:51:15,
,Pool Corp,318.75,319.24,313.96,3.53,1.12%,44.48K,0:51:19,
,가트너,341.85,345.44,341.41,-3.18,-0.92%,44.44K,0:53:46,
,마틴 마리에타,359,361.64,357.05,-0.41,-0.11%,39.84K,0:54:15,
,얼리전,112.17,112.86,111.82,-0.07,-0.07%,39.69K,0:51:14,
,FactSet Research Systems Inc,452.03,455.77,449.49,0.57,0.13%,38.22K,0:52:01,
,트랜스다임 그룹,610.65,612.79,606.69,4.57,0.75%,37.79K,0:51:14,
,신시내티 파이낸셜,108.04,108.12,107.06,0.65,0.61%,35.42K,0:53:23,
,F5 네트웍스,152.1,152.6,151.18,0.69,0.46%,35.08K,0:53:00,
,스냅온,239.84,240.78,239.02,1.11,0.47%,33.91K,0:54:07,
,Tyler Tech,324.64,325.71,323.84,-2.09,-0.64%,31.86K,0:52:33,
,Teledyne Tech,411.75,415.21,411.49,-1.58,-0.38%,28.73K,0:54:00,
,에버레스트 리 그룹,333.06,333.07,329.01,3.92,1.19%,25.91K,0:52:14,
,WW 그레인저,590.62,596.8,590.08,-3.93,-0.66%,25.65K,0:52:40,
,마켓액세스홀딩스,258.34,260.19,252.78,3.72,1.46%,24.76K,0:52:00,
,오토존,"2,542.34","2,570.00","2,527.08",-3.64,-0.14%,23.41K,0:52:18,
,IPG 포토닉스,89.94,90.65,89.04,0.78,0.87%,22.67K,0:52:55,
,Bio-Techne,328.15,331.98,327.52,-2.25,-0.68%,22.63K,0:52:48,
,Bio-Rad Laboratories Inc,398.03,406.57,393.15,-0.38,-0.10%,22.07K,0:53:42,
,치폴레,"1,533.61","1,535.64","1,521.04",6.05,0.40%,19.28K,0:51:32,
,메틀러-토레도 인터내셔널,"1,430.10","1,444.41","1,429.33",-9.79,-0.68%,14.92K,0:52:43,
,NVR Inc,"4,550.00","4,552.40","4,416.60",105.1,2.36%,4.22K,0:50:25,
